{
"lengthUnit": "mil",
"remark": [],
"components": {
	"fields": ["COMPONENT_NO", "COMPONENT_NAME", "LAYER", "X_COORDINATE", "Y_COORDINATE", "ANGLE"],
	"rows": [
		[1, "C1", "T", 188.9765, 0, 90],
		[2, "C2", "T", 21.6531, -96.4567, 0],
		[3, "C3", "T", 104.3305, -188.976, 180],
		[4, "C4", "T", 324.8029, 218.5041, 90],
		[5, "C5", "T", 187.0076, 112.2049, 90],
		[6, "U1", "T", 88.5823, 0, 270],
		[7, "U2", "T", 230.3147, 218.5041, 180],
		[8, "U3", "T", -232.2835, 0, 270],
		[9, "U4", "T", -110.2363, 149.6064, 0],
		[10, "U5", "T", -110.2362, -100.063, 0],
		[11, "PAD1", "T", -232.2835, 250, 0],
		[12, "PAD1", "B", -232.2835, 250, 0],
		[13, "PAD2", "T", -232.2835, 150, 0],
		[14, "PAD2", "B", -232.2835, 150, 0],
		[15, "PAD3", "T", -232.2835, 50, 0],
		[16, "PAD3", "B", -232.2835, 50, 0],
		[17, "PAD4", "T", -232.2835, -50, 0],
		[18, "PAD4", "B", -232.2835, -50, 0],
		[19, "PAD5", "T", -232.2835, -150, 0],
		[20, "PAD5", "B", -232.2835, -150, 0],
		[21, "PAD6", "T", -232.2835, -250, 0],
		[22, "PAD6", "B", -232.2835, -250, 0],
		[23, "PAD7", "T", -140.2363, 88.5814, 0],
		[24, "PAD8", "T", -120.2363, 88.5814, 0],
		[25, "PAD9", "T", -100.2363, 88.5814, 0],
		[26, "PAD10", "T", -80.2363, 88.5814, 0],
		[27, "PAD11", "T", -80.2363, 210.6314, 0],
		[28, "PAD12", "T", -100.2363, 210.6314, 0],
		[29, "PAD13", "T", -120.2363, 210.6314, 0],
		[30, "PAD14", "T", -140.2363, 210.6314, 0],
		[31, "PAD15", "T", -140.2362, -161.088, 0],
		[32, "PAD16", "T", -120.2362, -161.088, 0],
		[33, "PAD17", "T", -100.2362, -161.088, 0],
		[34, "PAD18", "T", -80.2362, -161.088, 0],
		[35, "PAD19", "T", -80.2362, -39.038, 0],
		[36, "PAD20", "T", -100.2362, -39.038, 0],
		[37, "PAD21", "T", -120.2362, -39.038, 0],
		[38, "PAD22", "T", -140.2362, -39.038, 0],
		[39, "PAD23", "T", 43.1131, -96.4567, 0],
		[40, "PAD24", "T", 0.1931, -96.4567, 0],
		[41, "PAD25", "T", 64.9623, -56.2, 0],
		[42, "PAD26", "T", 80.7123, -56.2, 0],
		[43, "PAD27", "T", 96.4523, -56.2, 0],
		[44, "PAD28", "T", 112.2023, -56.2, 0],
		[45, "PAD29", "T", 144.7823, 39.37, 0],
		[46, "PAD30", "T", 112.2023, 56.2, 0],
		[47, "PAD31", "T", 80.7123, 56.2, 0],
		[48, "PAD32", "T", 64.9623, 56.2, 0],
		[49, "PAD33", "T", 49.2123, 56.2, 0],
		[50, "PAD34", "T", 144.7823, -39.37, 0],
		[51, "PAD35", "T", 82.8705, -188.976, 0],
		[52, "PAD36", "T", 125.7905, -188.976, 0],
		[53, "PAD37", "T", 188.9765, 21.46, 0],
		[54, "PAD38", "T", 188.9765, -21.46, 0],
		[55, "PAD39", "T", 187.0076, 133.6649, 0],
		[56, "PAD40", "T", 187.0076, 90.7449, 0],
		[57, "PAD41", "T", 187.0077, 218.5091, 0],
		[58, "PAD42", "T", 187.0077, 181.1091, 0],
		[59, "PAD43", "T", 187.0077, 255.8991, 0],
		[60, "PAD44", "T", 273.6277, 255.9091, 0],
		[61, "PAD45", "T", 324.8029, 239.9641, 0],
		[62, "PAD46", "T", 324.8029, 197.0441, 0]
	]
},
"pins": {
	"fields": ["PIN_NO", "PIN_NAME", "PIN_X", "PIN_Y", "LAYER", "PIN_TYPE", "NET_NAME", "NET_TYPE", "PAD_SHAPE", "PAD_SIZEX", "PAD_SIZEY", "HOLE_SIZE", "HOLE_LEN", "PAD_ANGLE"],
	"rows": [
		[1, "C1_1", 188.9765, -21.46, "T", "SMD", "+3V3", "", "R", 31.106, 21.26, 0, 0, 90],
		[2, "C1_2", 188.9765, 21.46, "T", "SMD", "GND", "GND", "R", 31.106, 21.26, 0, 0, 90],
		[3, "C2_1", 0.1931, -96.4567, "T", "SMD", "GND", "GND", "R", 31.106, 21.26, 0, 0, 0],
		[4, "C2_2", 43.1131, -96.4567, "T", "SMD", "+1V8", "", "R", 31.106, 21.26, 0, 0, 0],
		[5, "C3_1", 125.7905, -188.976, "T", "SMD", "GND", "GND", "R", 31.106, 21.26, 0, 0, 180],
		[6, "C3_2", 82.8705, -188.976, "T", "SMD", "$1N369", "", "R", 31.106, 21.26, 0, 0, 180],
		[7, "C4_1", 324.8029, 197.0441, "T", "SMD", "GND", "GND", "R", 31.106, 21.26, 0, 0, 90],
		[8, "C4_2", 324.8029, 239.9641, "T", "SMD", "+1V8", "", "R", 31.106, 21.26, 0, 0, 90],
		[9, "C5_1", 187.0076, 90.7449, "T", "SMD", "GND", "GND", "R", 31.106, 21.26, 0, 0, 90],
		[10, "C5_2", 187.0076, 133.6649, "T", "SMD", "+3V3", "", "R", 31.106, 21.26, 0, 0, 90],
		[11, "U1_1", 32.3823, 39.36, "T", "SMD", "NET_1", "", "P", 19.906, 7.873, 0, 0, 270],
		[12, "U1_2", 32.3823, 23.62, "T", "SMD", "NET_2", "", "R", 7.874, 19.882, 0, 0, 270],
		[13, "U1_3", 32.3823, 7.87, "T", "SMD", "NET_3", "", "R", 7.874, 19.882, 0, 0, 270],
		[14, "U1_4", 32.3823, -7.87, "T", "SMD", "NET_4", "", "R", 7.874, 19.882, 0, 0, 270],
		[15, "U1_5", 32.3823, -23.62, "T", "SMD", "NET_5", "", "R", 7.874, 19.882, 0, 0, 270],
		[16, "U1_6", 32.3823, -39.37, "T", "SMD", "NET_6", "", "P", 19.901, 7.874, 0, 0, 270],
		[17, "U1_7", 49.2123, -56.2, "T", "SMD", "NET_7", "", "P", 7.873, 19.901, 0, 0, 270],
		[18, "U1_8", 64.9623, -56.2, "T", "SMD", "+1V8", "", "R", 19.882, 7.874, 0, 0, 270],
		[19, "U1_9", 80.7123, -56.2, "T", "SMD", "USDO", "", "R", 19.882, 7.874, 0, 0, 270],
		[20, "U1_10", 96.4523, -56.2, "T", "SMD", "$1N369", "", "R", 19.882, 7.874, 0, 0, 270],
		[21, "U1_11", 112.2023, -56.2, "T", "SMD", "GND", "GND", "R", 19.882, 7.874, 0, 0, 270],
		[22, "U1_12", 127.9523, -56.2, "T", "SMD", "NET_8", "", "P", 7.871, 19.903, 0, 0, 270],
		[23, "U1_13", 144.7823, -39.37, "T", "SMD", "+3V3", "", "P", 19.904, 7.874, 0, 0, 270],
		[24, "U1_14", 144.7823, -23.62, "T", "SMD", "NET_9", "", "R", 7.874, 19.882, 0, 0, 270],
		[25, "U1_15", 144.7823, -7.87, "T", "SMD", "NET_10", "", "R", 7.874, 19.882, 0, 0, 270],
		[26, "U1_16", 144.7823, 7.87, "T", "SMD", "NET_11", "", "R", 7.874, 19.882, 0, 0, 270],
		[27, "U1_17", 144.7823, 23.62, "T", "SMD", "NET_12", "", "R", 7.874, 19.882, 0, 0, 270],
		[28, "U1_18", 144.7823, 39.37, "T", "SMD", "GND", "GND", "P", 19.902, 7.874, 0, 0, 270],
		[29, "U1_19", 127.9523, 56.2, "T", "SMD", "NET_13", "", "P", 7.874, 19.902, 0, 0, 270],
		[30, "U1_20", 112.2023, 56.2, "T", "SMD", "GND", "GND", "R", 19.882, 7.874, 0, 0, 270],
		[31, "U1_21", 96.4523, 56.2, "T", "SMD", "NET_14", "", "R", 19.882, 7.874, 0, 0, 270],
		[32, "U1_22", 80.7123, 56.2, "T", "SMD", "UCS", "", "R", 19.882, 7.874, 0, 0, 270],
		[33, "U1_23", 64.9623, 56.2, "T", "SMD", "USCLK", "", "R", 19.882, 7.874, 0, 0, 270],
		[34, "U1_24", 49.2123, 56.2, "T", "SMD", "USDI", "", "P", 7.871, 19.902, 0, 0, 270],
		[35, "U1_25", 88.5823, 0, "T", "SMD", "NET_15", "", "R", 66.929, 66.929, 0, 0, 270],
		[36, "U2_1", 187.0077, 255.8991, "T", "SMD", "+3V3", "", "R", 23.622, 39.37, 0, 0, 270],
		[37, "U2_2", 187.0077, 218.5091, "T", "SMD", "GND", "GND", "R", 23.622, 39.37, 0, 0, 270],
		[38, "U2_3", 187.0077, 181.1091, "T", "SMD", "+3V3", "", "R", 23.622, 39.37, 0, 0, 270],
		[39, "U2_4", 273.6277, 181.0991, "T", "SMD", "NET_16", "", "R", 23.622, 39.37, 0, 0, 270],
		[40, "U2_5", 273.6277, 255.9091, "T", "SMD", "+1V8", "", "R", 23.622, 39.37, 0, 0, 270],
		[41, "U3_1", -232.2835, 250, "T", "DIP", "+3V3", "", "R", 70.866, 70.866, 43.308, 43.308, 270],
		[42, "U3_1", -232.2835, 250, "B", "DIP", "+3V3", "", "R", 70.866, 70.866, 43.308, 43.308, 270],
		[43, "U3_2", -232.2835, 150, "T", "DIP", "CS", "", "C", 70.866, 70.866, 43.308, 43.308, 270],
		[44, "U3_2", -232.2835, 150, "B", "DIP", "CS", "", "C", 70.866, 70.866, 43.308, 43.308, 270],
		[45, "U3_3", -232.2835, 50, "T", "DIP", "SCLK", "", "C", 70.866, 70.866, 43.308, 43.308, 270],
		[46, "U3_3", -232.2835, 50, "B", "DIP", "SCLK", "", "C", 70.866, 70.866, 43.308, 43.308, 270],
		[47, "U3_4", -232.2835, -50, "T", "DIP", "SDI", "", "C", 70.866, 70.866, 43.308, 43.308, 270],
		[48, "U3_4", -232.2835, -50, "B", "DIP", "SDI", "", "C", 70.866, 70.866, 43.308, 43.308, 270],
		[49, "U3_5", -232.2835, -150, "T", "DIP", "SDO", "", "C", 70.866, 70.866, 43.308, 43.308, 270],
		[50, "U3_5", -232.2835, -150, "B", "DIP", "SDO", "", "C", 70.866, 70.866, 43.308, 43.308, 270],
		[51, "U3_6", -232.2835, -250, "T", "DIP", "GND", "GND", "C", 70.866, 70.866, 43.308, 43.308, 270],
		[52, "U3_6", -232.2835, -250, "B", "DIP", "GND", "GND", "C", 70.866, 70.866, 43.308, 43.308, 270],
		[53, "U4_1", -140.2363, 88.5814, "T", "SMD", "SCLK", "", "R", 9.843, 27.56, 0, 0, 180],
		[54, "U4_2", -120.2363, 88.5814, "T", "SMD", "GND", "GND", "R", 9.843, 27.56, 0, 0, 180],
		[55, "U4_3", -100.2363, 88.5814, "T", "SMD", "+1V8", "", "R", 9.843, 27.56, 0, 0, 180],
		[56, "U4_4", -80.2363, 88.5814, "T", "SMD", "USCLK", "", "R", 9.843, 27.56, 0, 0, 180],
		[57, "U4_5", -80.2363, 210.6314, "T", "SMD", "UCS", "", "R", 9.843, 27.56, 0, 0, 180],
		[58, "U4_6", -100.2363, 210.6314, "T", "SMD", "+1V8", "", "R", 9.843, 27.56, 0, 0, 180],
		[59, "U4_7", -120.2363, 210.6314, "T", "SMD", "+3V3", "", "R", 9.843, 27.56, 0, 0, 180],
		[60, "U4_8", -140.2363, 210.6314, "T", "SMD", "CS", "", "R", 9.843, 27.56, 0, 0, 180],
		[61, "U5_1", -140.2362, -161.088, "T", "SMD", "SDO", "", "R", 9.843, 27.56, 0, 0, 180],
		[62, "U5_2", -120.2362, -161.088, "T", "SMD", "GND", "GND", "R", 9.843, 27.56, 0, 0, 180],
		[63, "U5_3", -100.2362, -161.088, "T", "SMD", "+1V8", "", "R", 9.843, 27.56, 0, 0, 180],
		[64, "U5_4", -80.2362, -161.088, "T", "SMD", "USDO", "", "R", 9.843, 27.56, 0, 0, 180],
		[65, "U5_5", -80.2362, -39.038, "T", "SMD", "USDI", "", "R", 9.843, 27.56, 0, 0, 180],
		[66, "U5_6", -100.2362, -39.038, "T", "SMD", "+1V8", "", "R", 9.843, 27.56, 0, 0, 180],
		[67, "U5_7", -120.2362, -39.038, "T", "SMD", "+3V3", "", "R", 9.843, 27.56, 0, 0, 180],
		[68, "U5_8", -140.2362, -39.038, "T", "SMD", "SDI", "", "R", 9.843, 27.56, 0, 0, 180],
		[69, "PAD1_1", -232.2835, 250, "T", "DIP", "+3V3", "", "R", 70.866, 70.866, 43.308, 43.308, 270],
		[70, "PAD1_1", -232.2835, 250, "B", "DIP", "+3V3", "", "R", 70.866, 70.866, 43.308, 43.308, 270],
		[71, "PAD2_2", -232.2835, 150, "T", "DIP", "CS", "", "C", 70.866, 70.866, 43.308, 43.308, 270],
		[72, "PAD2_2", -232.2835, 150, "B", "DIP", "CS", "", "C", 70.866, 70.866, 43.308, 43.308, 270],
		[73, "PAD3_3", -232.2835, 50, "T", "DIP", "SCLK", "", "C", 70.866, 70.866, 43.308, 43.308, 270],
		[74, "PAD3_3", -232.2835, 50, "B", "DIP", "SCLK", "", "C", 70.866, 70.866, 43.308, 43.308, 270],
		[75, "PAD4_4", -232.2835, -50, "T", "DIP", "SDI", "", "C", 70.866, 70.866, 43.308, 43.308, 270],
		[76, "PAD4_4", -232.2835, -50, "B", "DIP", "SDI", "", "C", 70.866, 70.866, 43.308, 43.308, 270],
		[77, "PAD5_5", -232.2835, -150, "T", "DIP", "SDO", "", "C", 70.866, 70.866, 43.308, 43.308, 270],
		[78, "PAD5_5", -232.2835, -150, "B", "DIP", "SDO", "", "C", 70.866, 70.866, 43.308, 43.308, 270],
		[79, "PAD6_6", -232.2835, -250, "T", "DIP", "GND", "GND", "C", 70.866, 70.866, 43.308, 43.308, 270],
		[80, "PAD6_6", -232.2835, -250, "B", "DIP", "GND", "GND", "C", 70.866, 70.866, 43.308, 43.308, 270],
		[81, "PAD7_1", -140.2363, 88.5814, "T", "SMD", "SCLK", "", "R", 9.843, 27.56, 0, 0, 180],
		[82, "PAD8_2", -120.2363, 88.5814, "T", "SMD", "GND", "GND", "R", 9.843, 27.56, 0, 0, 180],
		[83, "PAD9_3", -100.2363, 88.5814, "T", "SMD", "+1V8", "", "R", 9.843, 27.56, 0, 0, 180],
		[84, "PAD10_4", -80.2363, 88.5814, "T", "SMD", "USCLK", "", "R", 9.843, 27.56, 0, 0, 180],
		[85, "PAD11_5", -80.2363, 210.6314, "T", "SMD", "UCS", "", "R", 9.843, 27.56, 0, 0, 180],
		[86, "PAD12_6", -100.2363, 210.6314, "T", "SMD", "+1V8", "", "R", 9.843, 27.56, 0, 0, 180],
		[87, "PAD13_7", -120.2363, 210.6314, "T", "SMD", "+3V3", "", "R", 9.843, 27.56, 0, 0, 180],
		[88, "PAD14_8", -140.2363, 210.6314, "T", "SMD", "CS", "", "R", 9.843, 27.56, 0, 0, 180],
		[89, "PAD15_1", -140.2362, -161.088, "T", "SMD", "SDO", "", "R", 9.843, 27.56, 0, 0, 180],
		[90, "PAD16_2", -120.2362, -161.088, "T", "SMD", "GND", "GND", "R", 9.843, 27.56, 0, 0, 180],
		[91, "PAD17_3", -100.2362, -161.088, "T", "SMD", "+1V8", "", "R", 9.843, 27.56, 0, 0, 180],
		[92, "PAD18_4", -80.2362, -161.088, "T", "SMD", "USDO", "", "R", 9.843, 27.56, 0, 0, 180],
		[93, "PAD19_5", -80.2362, -39.038, "T", "SMD", "USDI", "", "R", 9.843, 27.56, 0, 0, 180],
		[94, "PAD20_6", -100.2362, -39.038, "T", "SMD", "+1V8", "", "R", 9.843, 27.56, 0, 0, 180],
		[95, "PAD21_7", -120.2362, -39.038, "T", "SMD", "+3V3", "", "R", 9.843, 27.56, 0, 0, 180],
		[96, "PAD22_8", -140.2362, -39.038, "T", "SMD", "SDI", "", "R", 9.843, 27.56, 0, 0, 180],
		[97, "PAD23_2", 43.1131, -96.4567, "T", "SMD", "+1V8", "", "R", 31.106, 21.26, 0, 0, 0],
		[98, "PAD24_1", 0.1931, -96.4567, "T", "SMD", "GND", "GND", "R", 31.106, 21.26, 0, 0, 0],
		[99, "PAD25_8", 64.9623, -56.2, "T", "SMD", "+1V8", "", "R", 19.882, 7.874, 0, 0, 270],
		[100, "PAD26_9", 80.7123, -56.2, "T", "SMD", "USDO", "", "R", 19.882, 7.874, 0, 0, 270],
		[101, "PAD27_10", 96.4523, -56.2, "T", "SMD", "$1N369", "", "R", 19.882, 7.874, 0, 0, 270],
		[102, "PAD28_11", 112.2023, -56.2, "T", "SMD", "GND", "GND", "R", 19.882, 7.874, 0, 0, 270],
		[103, "PAD29_18", 144.7823, 39.37, "T", "SMD", "GND", "GND", "P", 19.902, 7.874, 0, 0, 270],
		[104, "PAD30_20", 112.2023, 56.2, "T", "SMD", "GND", "GND", "R", 19.882, 7.874, 0, 0, 270],
		[105, "PAD31_22", 80.7123, 56.2, "T", "SMD", "UCS", "", "R", 19.882, 7.874, 0, 0, 270],
		[106, "PAD32_23", 64.9623, 56.2, "T", "SMD", "USCLK", "", "R", 19.882, 7.874, 0, 0, 270],
		[107, "PAD33_24", 49.2123, 56.2, "T", "SMD", "USDI", "", "P", 7.871, 19.902, 0, 0, 270],
		[108, "PAD34_13", 144.7823, -39.37, "T", "SMD", "+3V3", "", "P", 19.904, 7.874, 0, 0, 270],
		[109, "PAD35_2", 82.8705, -188.976, "T", "SMD", "$1N369", "", "R", 31.106, 21.26, 0, 0, 180],
		[110, "PAD36_1", 125.7905, -188.976, "T", "SMD", "GND", "GND", "R", 31.106, 21.26, 0, 0, 180],
		[111, "PAD37_2", 188.9765, 21.46, "T", "SMD", "GND", "GND", "R", 31.106, 21.26, 0, 0, 90],
		[112, "PAD38_1", 188.9765, -21.46, "T", "SMD", "+3V3", "", "R", 31.106, 21.26, 0, 0, 90],
		[113, "PAD39_2", 187.0076, 133.6649, "T", "SMD", "+3V3", "", "R", 31.106, 21.26, 0, 0, 90],
		[114, "PAD40_1", 187.0076, 90.7449, "T", "SMD", "GND", "GND", "R", 31.106, 21.26, 0, 0, 90],
		[115, "PAD41_2", 187.0077, 218.5091, "T", "SMD", "GND", "GND", "R", 23.622, 39.37, 0, 0, 270],
		[116, "PAD42_3", 187.0077, 181.1091, "T", "SMD", "+3V3", "", "R", 23.622, 39.37, 0, 0, 270],
		[117, "PAD43_1", 187.0077, 255.8991, "T", "SMD", "+3V3", "", "R", 23.622, 39.37, 0, 0, 270],
		[118, "PAD44_5", 273.6277, 255.9091, "T", "SMD", "+1V8", "", "R", 23.622, 39.37, 0, 0, 270],
		[119, "PAD45_2", 324.8029, 239.9641, "T", "SMD", "+1V8", "", "R", 31.106, 21.26, 0, 0, 90],
		[120, "PAD46_1", 324.8029, 197.0441, "T", "SMD", "GND", "GND", "R", 31.106, 21.26, 0, 0, 90]
	]
}
}